variable,anova_F,anova_pvalue,anova_significant,kruskal_H,kruskal_pvalue,kruskal_significant
avg_speed,680.3831275196774,7.592791101697214e-151,Yes,189.06782412435405,9.306584204246793e-33,Yes
avg_strikes,13.778825209738876,4.135692395454705e-22,Yes,87.86460814291442,9.59140269415943e-13,Yes
avg_balls,3.630219679620272,2.4843639804279526e-05,Yes,47.21868158648058,1.7692567701858548e-05,Yes
avg_batting,9.158307398384123,3.959971734738503e-15,Yes,53.99282959083864,1.2882411661709423e-06,Yes
